-- phpMyAdmin SQL Dump
-- version 4.8.5
-- https://www.phpmyadmin.net/
--
-- Host: 127.0.0.1
-- Generation Time: Apr 09, 2019 at 02:55 AM
-- Server version: 10.1.38-MariaDB
-- PHP Version: 7.3.3

SET SQL_MODE = "NO_AUTO_VALUE_ON_ZERO";
SET AUTOCOMMIT = 0;
START TRANSACTION;
SET time_zone = "+00:00";


/*!40101 SET @OLD_CHARACTER_SET_CLIENT=@@CHARACTER_SET_CLIENT */;
/*!40101 SET @OLD_CHARACTER_SET_RESULTS=@@CHARACTER_SET_RESULTS */;
/*!40101 SET @OLD_COLLATION_CONNECTION=@@COLLATION_CONNECTION */;
/*!40101 SET NAMES utf8mb4 */;

--
-- Database: `aplusdb`
--
CREATE DATABASE IF NOT EXISTS `aplusdb` DEFAULT CHARACTER SET latin1 COLLATE latin1_swedish_ci;
USE `aplusdb`;

-- --------------------------------------------------------

--
-- Table structure for table `chat`
--

CREATE TABLE `chat` (
  `ChatID` int(11) NOT NULL,
  `UserID` int(11) NOT NULL,
  `SessionID` int(11) NOT NULL,
  `LogLocation` varchar(255) DEFAULT NULL,
  `Timestamp` timestamp NOT NULL DEFAULT CURRENT_TIMESTAMP
) ENGINE=InnoDB DEFAULT CHARSET=utf8;

--
-- Dumping data for table `chat`
--

INSERT INTO `chat` (`ChatID`, `UserID`, `SessionID`, `LogLocation`, `Timestamp`) VALUES
(4, 10, 3, '21208134791554768881.html', '2019-04-09 00:14:41'),
(5, 9, 3, '7735254591554768890.html', '2019-04-09 00:14:50'),
(6, 11, 4, '10063400751554769195.html', '2019-04-09 00:19:55'),
(7, 9, 4, '5284097981554769214.html', '2019-04-09 00:20:14'),
(8, 11, 5, '9539204741554769403.html', '2019-04-09 00:23:23'),
(9, 11, 6, '20532423011554769426.html', '2019-04-09 00:23:46'),
(10, 9, 7, '18684504061554769454.html', '2019-04-09 00:24:14'),
(11, 12, 7, '5087587731554769527.html', '2019-04-09 00:25:27'),
(12, 13, 8, '10144591231554769840.html', '2019-04-09 00:30:40'),
(13, 9, 8, '7547748041554769847.html', '2019-04-09 00:30:47'),
(14, 13, 9, '16455849031554769882.html', '2019-04-09 00:31:22'),
(15, 14, 10, '4427298391554769987.html', '2019-04-09 00:33:07'),
(16, 10, 10, '15969186461554770043.html', '2019-04-09 00:34:03'),
(17, 15, 11, '18650117731554770209.html', '2019-04-09 00:36:49'),
(18, 10, 11, '20359771271554770218.html', '2019-04-09 00:36:58'),
(19, 10, 12, '17738120001554770452.html', '2019-04-09 00:40:52'),
(20, 16, 12, '10686274121554770458.html', '2019-04-09 00:40:58'),
(21, 9, 13, '20209714071554770570.html', '2019-04-09 00:42:50'),
(22, 16, 13, '8077621981554770577.html', '2019-04-09 00:42:57');

-- --------------------------------------------------------

--
-- Table structure for table `line`
--

CREATE TABLE `line` (
  `LineID` int(11) NOT NULL,
  `SessionID` int(11) NOT NULL,
  `Color` varchar(8) NOT NULL,
  `Width` int(2) NOT NULL,
  `Transparent` float(3,2) NOT NULL DEFAULT '1.00'
) ENGINE=InnoDB DEFAULT CHARSET=utf8;

--
-- Dumping data for table `line`
--

INSERT INTO `line` (`LineID`, `SessionID`, `Color`, `Width`, `Transparent`) VALUES
(23, 3, '#400080', 4, 1.00),
(24, 3, '#400080', 4, 1.00),
(25, 3, '#400080', 4, 1.00),
(26, 3, '#400080', 4, 1.00),
(27, 3, '#400080', 4, 1.00),
(28, 3, '#400080', 4, 1.00),
(29, 3, '#400080', 4, 1.00),
(30, 3, '#400080', 4, 1.00),
(31, 3, '#400080', 4, 1.00),
(32, 3, '#400080', 4, 1.00),
(33, 3, '#400080', 4, 1.00),
(34, 3, '#400080', 4, 1.00),
(35, 3, '#FFFFFF', 4, 1.00),
(36, 3, '#FFFFFF', 4, 1.00),
(37, 3, '#FFFFFF', 4, 1.00),
(38, 3, '#FFFFFF', 4, 1.00),
(39, 3, '#FFFFFF', 4, 1.00),
(40, 3, '#FFFFFF', 4, 1.00),
(41, 3, '#FFFFFF', 4, 1.00),
(42, 3, '#FFFFFF', 4, 1.00),
(43, 3, '#FFFFFF', 4, 1.00),
(44, 3, '#ff0080', 2, 1.00),
(45, 3, '#ff0080', 2, 1.00),
(46, 3, '#ff0080', 2, 1.00),
(47, 3, '#ff0080', 2, 1.00),
(48, 3, '#ff0080', 2, 1.00),
(49, 3, '#ff0080', 2, 1.00),
(50, 3, '#ff0080', 2, 1.00),
(51, 3, '#ff0080', 2, 1.00),
(52, 3, '#ff0080', 2, 1.00),
(53, 3, '#ff0080', 2, 1.00),
(54, 3, '#ff0080', 2, 1.00),
(55, 3, '#ff0080', 2, 1.00),
(56, 3, '#ff0080', 2, 1.00),
(57, 4, '#0000ff', 3, 1.00),
(58, 4, '#0000ff', 3, 1.00),
(59, 4, '#0000ff', 3, 1.00),
(60, 4, '#0000ff', 3, 1.00),
(61, 4, '#0000ff', 3, 1.00),
(62, 4, '#0000ff', 3, 1.00),
(63, 4, '#0000ff', 3, 1.00),
(64, 4, '#0000ff', 3, 1.00),
(65, 4, '#0000ff', 3, 1.00),
(66, 4, '#0000ff', 3, 1.00),
(67, 4, '#0000ff', 3, 1.00),
(68, 4, '#0000ff', 3, 1.00),
(69, 4, '#0000ff', 3, 1.00),
(70, 4, '#0000ff', 3, 1.00),
(71, 4, '#0000ff', 3, 1.00),
(72, 4, '#0000ff', 3, 1.00),
(73, 4, '#0000a0', 3, 0.00),
(74, 4, '#0000ff', 3, 1.00),
(75, 4, '#0000ff', 3, 1.00),
(76, 4, '#0000ff', 3, 1.00),
(77, 4, '#0000ff', 3, 1.00),
(78, 4, '#0000ff', 3, 1.00),
(79, 4, '#0000ff', 3, 1.00),
(80, 4, '#0000ff', 3, 1.00),
(81, 4, '#0000ff', 3, 1.00),
(82, 4, '#0000ff', 3, 1.00),
(83, 4, '#0000ff', 3, 1.00),
(84, 4, '#0000ff', 3, 1.00),
(85, 4, '#0000ff', 3, 1.00),
(86, 4, '#0000ff', 3, 1.00),
(87, 4, '#0000ff', 3, 1.00),
(88, 4, '#0000ff', 3, 1.00),
(89, 4, '#0000ff', 3, 1.00),
(90, 4, '#0000ff', 3, 1.00),
(91, 4, '#0000ff', 3, 1.00),
(92, 4, '#0000ff', 3, 1.00),
(93, 4, '#0000ff', 3, 1.00),
(94, 4, '#0000ff', 3, 1.00),
(95, 4, '#0000ff', 3, 1.00),
(96, 4, '#0000ff', 3, 1.00),
(97, 4, '#0000ff', 3, 1.00),
(98, 4, '#0000ff', 3, 1.00),
(99, 4, '#0000ff', 3, 1.00),
(100, 4, '#0000ff', 3, 1.00),
(101, 4, '#0000ff', 3, 1.00),
(102, 4, '#0000ff', 3, 1.00),
(103, 7, '#008000', 3, 1.00),
(104, 7, '#008000', 3, 1.00),
(105, 7, '#008000', 3, 1.00),
(106, 7, '#008000', 3, 1.00),
(107, 7, '#008000', 3, 1.00),
(108, 7, '#008000', 3, 1.00),
(109, 7, '#008000', 3, 1.00),
(110, 7, '#008000', 3, 1.00),
(111, 7, '#008000', 3, 1.00),
(112, 7, '#008000', 3, 1.00),
(113, 7, '#008000', 3, 1.00),
(114, 7, '#008000', 3, 1.00),
(115, 7, '#008000', 3, 1.00),
(116, 7, '#008000', 3, 1.00),
(117, 7, '#008000', 3, 1.00),
(118, 7, '#008000', 3, 1.00),
(119, 7, '#008000', 3, 1.00),
(120, 7, '#008000', 3, 1.00),
(121, 7, '#008000', 3, 1.00),
(122, 7, '#008000', 3, 1.00),
(123, 7, '#008000', 1, 1.00),
(124, 7, '#008000', 1, 1.00),
(125, 7, '#008000', 1, 1.00),
(126, 7, '#008000', 1, 1.00),
(127, 7, '#008000', 1, 1.00),
(128, 7, '#008000', 1, 1.00),
(129, 7, '#008000', 1, 1.00),
(130, 7, '#008000', 1, 1.00),
(131, 7, '#FFFFFF', 3, 0.00),
(132, 7, '#FFFFFF', 3, 0.00),
(133, 7, '#FFFFFF', 3, 0.00),
(138, 10, '#ff8000', 3, 1.00),
(139, 10, '#ff8000', 3, 1.00),
(140, 10, '#ff8000', 3, 1.00),
(141, 10, '#ff8000', 3, 1.00),
(142, 10, '#ff8000', 3, 1.00),
(143, 10, '#ff8000', 3, 1.00),
(144, 10, '#ff8000', 3, 1.00),
(145, 10, '#ff8000', 3, 1.00),
(146, 10, '#ff8000', 3, 1.00),
(147, 10, '#ff8000', 3, 1.00),
(148, 11, '#ff8000', 2, 1.00),
(149, 11, '#ff8000', 2, 1.00),
(150, 11, '#ff8000', 2, 1.00),
(151, 11, '#ff8000', 2, 1.00),
(152, 11, '#ff8000', 2, 1.00),
(153, 11, '#ff8000', 2, 1.00),
(154, 11, '#ff8000', 2, 1.00),
(155, 11, '#ff8000', 2, 1.00),
(156, 11, '#ff8000', 2, 1.00),
(157, 11, '#ff8000', 2, 1.00),
(158, 11, '#ff8000', 2, 1.00),
(159, 11, '#ff8000', 2, 1.00),
(160, 11, '#ff8000', 2, 1.00),
(161, 11, '#ff8000', 2, 1.00),
(162, 11, '#ff8000', 2, 1.00),
(163, 11, '#ff8000', 2, 0.00),
(164, 11, '#ff8000', 2, 1.00),
(165, 11, '#ff8000', 2, 1.00),
(166, 11, '#ff8000', 2, 1.00),
(167, 11, '#ff8000', 2, 1.00),
(168, 11, '#ff8000', 2, 1.00),
(169, 11, '#ff8000', 2, 1.00),
(170, 11, '#ff8000', 2, 1.00),
(171, 11, '#ff8000', 2, 1.00),
(172, 11, '#ff8000', 2, 1.00),
(173, 11, '#ff8000', 2, 1.00),
(174, 11, '#ff8000', 2, 1.00),
(175, 11, '#ff8000', 2, 1.00),
(176, 11, '#ff8000', 2, 1.00),
(177, 11, '#ff8000', 2, 1.00),
(178, 11, '#ff8000', 2, 0.00),
(179, 11, '#ff8000', 2, 0.00),
(180, 11, '#ff8000', 2, 1.00),
(181, 12, '#408080', 4, 1.00),
(182, 12, '#408080', 4, 1.00),
(183, 12, '#408080', 4, 1.00),
(184, 12, '#408080', 4, 1.00),
(185, 12, '#408080', 4, 1.00),
(186, 12, '#408080', 4, 1.00),
(187, 12, '#408080', 4, 1.00),
(188, 12, '#408080', 4, 1.00),
(189, 13, '#ff0080', 3, 1.00),
(190, 13, '#ff0080', 3, 1.00),
(191, 13, '#ff0080', 3, 1.00),
(192, 13, '#ff0080', 3, 1.00),
(193, 13, '#ff0080', 3, 1.00),
(194, 13, '#ff0080', 3, 1.00),
(195, 13, '#ff0080', 3, 1.00);

-- --------------------------------------------------------

--
-- Table structure for table `point`
--

CREATE TABLE `point` (
  `PointID` int(11) NOT NULL,
  `LineID` int(11) NOT NULL,
  `PointX` int(11) NOT NULL DEFAULT '0',
  `PointY` int(11) NOT NULL DEFAULT '0'
) ENGINE=InnoDB DEFAULT CHARSET=utf8;

--
-- Dumping data for table `point`
--

INSERT INTO `point` (`PointID`, `LineID`, `PointX`, `PointY`) VALUES
(434, 23, 33, 23),
(435, 23, 33, 27),
(436, 23, 34, 41),
(437, 23, 37, 55),
(438, 23, 38, 60),
(439, 23, 38, 63),
(440, 23, 38, 64),
(441, 23, 39, 66),
(442, 23, 41, 68),
(443, 23, 42, 70),
(444, 23, 42, 71),
(445, 23, 42, 71),
(446, 23, 46, 66),
(447, 23, 53, 61),
(448, 23, 54, 58),
(449, 23, 59, 51),
(450, 23, 62, 49),
(451, 23, 63, 45),
(452, 23, 66, 38),
(453, 23, 67, 34),
(454, 23, 67, 34),
(455, 23, 69, 34),
(456, 23, 70, 49),
(457, 23, 73, 59),
(458, 23, 74, 71),
(459, 23, 77, 81),
(460, 23, 78, 81),
(461, 23, 78, 81),
(462, 23, 85, 75),
(463, 23, 90, 69),
(464, 23, 93, 62),
(465, 23, 95, 55),
(466, 23, 98, 47),
(467, 23, 101, 39),
(468, 23, 102, 34),
(469, 23, 105, 29),
(470, 23, 105, 26),
(471, 23, 106, 23),
(472, 24, 122, 61),
(473, 24, 126, 61),
(474, 24, 130, 62),
(475, 24, 134, 62),
(476, 24, 138, 62),
(477, 24, 142, 62),
(478, 24, 146, 62),
(479, 24, 153, 59),
(480, 24, 155, 58),
(481, 24, 159, 51),
(482, 24, 159, 50),
(483, 24, 159, 47),
(484, 24, 159, 43),
(485, 24, 157, 39),
(486, 24, 152, 38),
(487, 24, 140, 38),
(488, 24, 134, 40),
(489, 24, 128, 43),
(490, 24, 124, 46),
(491, 24, 121, 52),
(492, 24, 119, 58),
(493, 24, 119, 62),
(494, 24, 119, 68),
(495, 24, 121, 74),
(496, 24, 125, 80),
(497, 24, 127, 82),
(498, 24, 131, 83),
(499, 24, 134, 83),
(500, 24, 135, 83),
(501, 24, 138, 83),
(502, 24, 141, 83),
(503, 24, 142, 83),
(504, 24, 142, 83),
(505, 24, 142, 82),
(506, 25, 186, 13),
(507, 25, 183, 30),
(508, 25, 177, 49),
(509, 25, 175, 57),
(510, 25, 173, 66),
(511, 25, 173, 69),
(512, 25, 172, 74),
(513, 25, 172, 82),
(514, 25, 172, 86),
(515, 25, 172, 86),
(516, 25, 173, 86),
(517, 26, 210, 43),
(518, 26, 210, 44),
(519, 26, 204, 48),
(520, 26, 196, 54),
(521, 26, 190, 66),
(522, 26, 190, 72),
(523, 26, 193, 78),
(524, 26, 198, 82),
(525, 26, 206, 85),
(526, 26, 211, 86),
(527, 26, 218, 86),
(528, 26, 226, 86),
(529, 26, 229, 86),
(530, 27, 273, 50),
(531, 27, 266, 49),
(532, 27, 245, 53),
(533, 27, 238, 62),
(534, 27, 237, 68),
(535, 27, 239, 77),
(536, 27, 242, 81),
(537, 27, 245, 84),
(538, 27, 249, 87),
(539, 27, 255, 90),
(540, 27, 265, 90),
(541, 27, 271, 89),
(542, 27, 278, 86),
(543, 27, 281, 78),
(544, 27, 282, 70),
(545, 27, 282, 62),
(546, 27, 278, 54),
(547, 27, 272, 50),
(548, 27, 268, 50),
(549, 27, 268, 50),
(550, 28, 310, 47),
(551, 28, 309, 61),
(552, 28, 307, 68),
(553, 28, 307, 71),
(554, 28, 306, 76),
(555, 28, 306, 79),
(556, 28, 306, 83),
(557, 28, 306, 84),
(558, 28, 307, 81),
(559, 28, 317, 62),
(560, 28, 319, 54),
(561, 28, 323, 50),
(562, 28, 327, 47),
(563, 28, 329, 46),
(564, 28, 333, 47),
(565, 28, 338, 55),
(566, 28, 339, 64),
(567, 28, 339, 70),
(568, 28, 339, 72),
(569, 28, 339, 71),
(570, 28, 343, 63),
(571, 28, 346, 58),
(572, 28, 351, 53),
(573, 28, 355, 50),
(574, 28, 359, 47),
(575, 28, 365, 46),
(576, 28, 370, 56),
(577, 28, 371, 65),
(578, 28, 371, 72),
(579, 28, 370, 80),
(580, 28, 369, 86),
(581, 28, 368, 90),
(582, 28, 367, 92),
(583, 28, 367, 94),
(584, 28, 367, 93),
(585, 29, 397, 64),
(586, 29, 398, 64),
(587, 29, 413, 63),
(588, 29, 418, 62),
(589, 29, 422, 62),
(590, 29, 427, 61),
(591, 29, 430, 59),
(592, 29, 434, 57),
(593, 29, 438, 53),
(594, 29, 442, 50),
(595, 29, 441, 45),
(596, 29, 438, 42),
(597, 29, 418, 37),
(598, 29, 402, 46),
(599, 29, 399, 56),
(600, 29, 399, 63),
(601, 29, 399, 68),
(602, 29, 402, 73),
(603, 29, 403, 78),
(604, 29, 406, 82),
(605, 29, 410, 84),
(606, 29, 415, 87),
(607, 29, 421, 88),
(608, 29, 427, 89),
(609, 29, 431, 89),
(610, 29, 435, 89),
(611, 29, 438, 89),
(612, 29, 442, 89),
(613, 29, 443, 89),
(614, 29, 445, 89),
(615, 29, 446, 89),
(616, 30, 498, 18),
(617, 30, 496, 24),
(618, 30, 492, 49),
(619, 30, 491, 57),
(620, 30, 491, 62),
(621, 30, 490, 65),
(622, 30, 490, 69),
(623, 30, 490, 70),
(624, 31, 491, 83),
(625, 31, 484, 82),
(626, 31, 473, 93),
(627, 31, 473, 102),
(628, 31, 475, 107),
(629, 31, 478, 108),
(630, 31, 479, 108),
(631, 31, 483, 109),
(632, 31, 491, 109),
(633, 31, 495, 106),
(634, 31, 497, 105),
(635, 31, 498, 98),
(636, 31, 498, 93),
(637, 31, 498, 90),
(638, 31, 498, 87),
(639, 31, 495, 83),
(640, 31, 491, 81),
(641, 31, 490, 81),
(642, 32, 160, 118),
(643, 32, 160, 123),
(644, 32, 156, 138),
(645, 32, 152, 156),
(646, 32, 151, 165),
(647, 33, 199, 119),
(648, 33, 199, 128),
(649, 33, 196, 143),
(650, 33, 195, 155),
(651, 33, 194, 164),
(652, 33, 193, 168),
(653, 33, 193, 171),
(654, 33, 193, 172),
(655, 33, 193, 173),
(656, 34, 88, 154),
(657, 34, 85, 163),
(658, 34, 80, 177),
(659, 34, 78, 186),
(660, 34, 78, 192),
(661, 34, 78, 198),
(662, 34, 81, 207),
(663, 34, 86, 215),
(664, 34, 107, 225),
(665, 34, 158, 236),
(666, 34, 211, 245),
(667, 34, 227, 247),
(668, 34, 238, 245),
(669, 34, 247, 238),
(670, 34, 254, 230),
(671, 34, 259, 211),
(672, 34, 266, 194),
(673, 34, 270, 182),
(674, 34, 274, 158),
(675, 34, 274, 157),
(676, 34, 277, 157),
(677, 35, 271, 160),
(678, 35, 271, 160),
(679, 35, 271, 162),
(680, 35, 271, 163),
(681, 35, 270, 164),
(682, 35, 270, 164),
(683, 35, 270, 166),
(684, 35, 270, 165),
(685, 35, 271, 164),
(686, 35, 277, 158),
(687, 35, 283, 156),
(688, 35, 284, 156),
(689, 35, 284, 158),
(690, 35, 276, 162),
(691, 35, 274, 162),
(692, 35, 272, 162),
(693, 35, 270, 162),
(694, 35, 265, 161),
(695, 35, 264, 161),
(696, 35, 267, 161),
(697, 35, 275, 163),
(698, 35, 285, 164),
(699, 35, 284, 164),
(700, 35, 276, 162),
(701, 35, 270, 160),
(702, 35, 267, 158),
(703, 35, 266, 157),
(704, 35, 273, 159),
(705, 35, 275, 159),
(706, 36, 263, 156),
(707, 36, 271, 160),
(708, 36, 277, 163),
(709, 37, 262, 157),
(710, 37, 276, 160),
(711, 37, 283, 162),
(712, 38, 273, 153),
(713, 38, 272, 156),
(714, 38, 272, 159),
(715, 38, 272, 160),
(716, 39, 270, 155),
(717, 39, 275, 162),
(718, 39, 277, 164),
(719, 39, 281, 166),
(720, 40, 270, 156),
(721, 40, 279, 163),
(722, 41, 267, 157),
(723, 41, 271, 160),
(724, 41, 277, 162),
(725, 41, 279, 162),
(726, 42, 264, 160),
(727, 42, 276, 164),
(728, 42, 285, 164),
(729, 43, 267, 160),
(730, 43, 265, 162),
(731, 43, 267, 164),
(732, 43, 275, 166),
(733, 43, 275, 166),
(734, 43, 276, 166),
(735, 44, 341, 274),
(736, 44, 341, 274),
(737, 44, 340, 280),
(738, 44, 337, 290),
(739, 44, 336, 296),
(740, 44, 336, 300),
(741, 44, 336, 304),
(742, 44, 336, 306),
(743, 45, 328, 291),
(744, 45, 333, 290),
(745, 45, 339, 290),
(746, 45, 339, 290),
(747, 46, 355, 275),
(748, 46, 355, 281),
(749, 46, 355, 290),
(750, 46, 355, 296),
(751, 46, 355, 300),
(752, 46, 355, 302),
(753, 46, 355, 302),
(754, 46, 355, 296),
(755, 46, 356, 294),
(756, 46, 357, 292),
(757, 46, 359, 290),
(758, 46, 363, 288),
(759, 46, 363, 288),
(760, 46, 365, 290),
(761, 46, 368, 296),
(762, 46, 369, 301),
(763, 46, 371, 306),
(764, 46, 371, 308),
(765, 46, 371, 308),
(766, 46, 372, 308),
(767, 47, 391, 290),
(768, 47, 384, 290),
(769, 47, 381, 296),
(770, 47, 380, 298),
(771, 47, 380, 301),
(772, 47, 380, 304),
(773, 47, 381, 305),
(774, 47, 383, 306),
(775, 47, 385, 306),
(776, 47, 388, 304),
(777, 47, 391, 299),
(778, 47, 392, 294),
(779, 47, 392, 291),
(780, 47, 392, 293),
(781, 47, 393, 300),
(782, 47, 395, 304),
(783, 47, 395, 305),
(784, 47, 396, 306),
(785, 48, 403, 290),
(786, 48, 403, 304),
(787, 48, 403, 306),
(788, 48, 404, 303),
(789, 48, 411, 290),
(790, 48, 413, 290),
(791, 48, 415, 292),
(792, 48, 419, 298),
(793, 48, 420, 304),
(794, 48, 420, 309),
(795, 48, 420, 310),
(796, 48, 421, 310),
(797, 49, 433, 274),
(798, 49, 433, 278),
(799, 49, 435, 288),
(800, 49, 435, 297),
(801, 49, 435, 298),
(802, 49, 435, 302),
(803, 49, 435, 304),
(804, 49, 435, 305),
(805, 49, 435, 306),
(806, 50, 435, 290),
(807, 50, 435, 290),
(808, 50, 437, 290),
(809, 50, 439, 290),
(810, 50, 441, 290),
(811, 50, 445, 290),
(812, 50, 449, 288),
(813, 50, 449, 287),
(814, 51, 436, 290),
(815, 51, 439, 293),
(816, 51, 443, 296),
(817, 51, 445, 298),
(818, 51, 447, 298),
(819, 51, 447, 300),
(820, 51, 447, 300),
(821, 51, 447, 301),
(822, 52, 472, 286),
(823, 52, 463, 290),
(824, 52, 458, 294),
(825, 52, 457, 296),
(826, 52, 457, 297),
(827, 52, 461, 298),
(828, 52, 468, 301),
(829, 52, 468, 302),
(830, 52, 469, 302),
(831, 52, 469, 306),
(832, 52, 466, 306),
(833, 52, 464, 306),
(834, 52, 460, 308),
(835, 52, 458, 309),
(836, 52, 459, 309),
(837, 53, 492, 263),
(838, 53, 495, 276),
(839, 53, 495, 286),
(840, 53, 495, 296),
(841, 53, 495, 301),
(842, 53, 494, 305),
(843, 53, 494, 306),
(844, 53, 494, 306),
(845, 54, 495, 311),
(846, 54, 491, 310),
(847, 54, 485, 314),
(848, 54, 483, 318),
(849, 54, 484, 322),
(850, 54, 487, 322),
(851, 54, 492, 322),
(852, 54, 499, 318),
(853, 54, 499, 314),
(854, 54, 497, 310),
(855, 54, 493, 310),
(856, 54, 492, 310),
(857, 55, 524, 262),
(858, 55, 524, 274),
(859, 55, 524, 289),
(860, 55, 524, 290),
(861, 55, 524, 293),
(862, 56, 524, 302),
(863, 56, 521, 300),
(864, 56, 517, 302),
(865, 56, 515, 309),
(866, 56, 516, 313),
(867, 56, 517, 314),
(868, 56, 520, 314),
(869, 56, 523, 314),
(870, 56, 527, 312),
(871, 56, 529, 310),
(872, 56, 529, 306),
(873, 56, 528, 299),
(874, 56, 523, 298),
(875, 56, 521, 298),
(876, 57, 35, 44),
(877, 57, 35, 42),
(878, 57, 35, 37),
(879, 57, 35, 30),
(880, 57, 35, 25),
(881, 57, 36, 21),
(882, 57, 36, 18),
(883, 57, 38, 14),
(884, 57, 39, 13),
(885, 57, 39, 13),
(886, 57, 42, 14),
(887, 57, 47, 21),
(888, 57, 50, 24),
(889, 57, 50, 25),
(890, 57, 51, 25),
(891, 57, 51, 26),
(892, 57, 51, 27),
(893, 57, 51, 28),
(894, 57, 55, 39),
(895, 57, 55, 37),
(896, 57, 55, 32),
(897, 57, 58, 28),
(898, 57, 63, 20),
(899, 57, 66, 16),
(900, 57, 67, 16),
(901, 57, 70, 18),
(902, 57, 74, 23),
(903, 57, 76, 31),
(904, 57, 79, 38),
(905, 57, 79, 45),
(906, 57, 79, 46),
(907, 57, 79, 47),
(908, 57, 80, 47),
(909, 58, 96, 30),
(910, 58, 96, 34),
(911, 58, 96, 43),
(912, 58, 99, 45),
(913, 58, 100, 47),
(914, 58, 103, 47),
(915, 58, 106, 48),
(916, 58, 107, 48),
(917, 58, 110, 48),
(918, 58, 112, 46),
(919, 58, 114, 42),
(920, 58, 115, 37),
(921, 58, 115, 34),
(922, 58, 115, 34),
(923, 59, 135, 16),
(924, 59, 135, 26),
(925, 59, 133, 41),
(926, 59, 133, 46),
(927, 59, 134, 49),
(928, 59, 134, 51),
(929, 59, 134, 52),
(930, 59, 135, 55),
(931, 60, 158, 16),
(932, 60, 155, 47),
(933, 60, 155, 51),
(934, 60, 155, 54),
(935, 61, 150, 34),
(936, 61, 159, 34),
(937, 61, 167, 34),
(938, 61, 168, 34),
(939, 62, 182, 40),
(940, 62, 182, 48),
(941, 62, 182, 56),
(942, 62, 182, 60),
(943, 62, 182, 61),
(944, 63, 181, 20),
(945, 63, 178, 21),
(946, 63, 177, 26),
(947, 63, 182, 28),
(948, 63, 187, 29),
(949, 63, 186, 24),
(950, 63, 184, 21),
(951, 63, 183, 20),
(952, 64, 210, 40),
(953, 64, 215, 40),
(954, 64, 232, 40),
(955, 65, 256, 14),
(956, 65, 259, 32),
(957, 65, 260, 46),
(958, 65, 260, 53),
(959, 65, 260, 59),
(960, 65, 260, 60),
(961, 65, 262, 60),
(962, 66, 291, 34),
(963, 66, 283, 34),
(964, 66, 274, 39),
(965, 66, 274, 45),
(966, 66, 279, 47),
(967, 66, 284, 48),
(968, 66, 291, 46),
(969, 66, 294, 42),
(970, 66, 294, 38),
(971, 66, 294, 39),
(972, 66, 295, 44),
(973, 66, 298, 54),
(974, 66, 299, 56),
(975, 66, 300, 56),
(976, 66, 302, 56),
(977, 67, 313, 73),
(978, 67, 318, 69),
(979, 67, 330, 48),
(980, 67, 334, 38),
(981, 67, 334, 38),
(982, 67, 335, 36),
(983, 67, 335, 34),
(984, 67, 336, 34),
(985, 67, 338, 34),
(986, 68, 312, 34),
(987, 68, 315, 39),
(988, 68, 319, 47),
(989, 68, 320, 49),
(990, 68, 323, 54),
(991, 68, 326, 56),
(992, 68, 327, 56),
(993, 69, 346, 46),
(994, 69, 351, 47),
(995, 69, 355, 48),
(996, 69, 363, 48),
(997, 69, 367, 45),
(998, 69, 370, 40),
(999, 69, 369, 38),
(1000, 69, 366, 37),
(1001, 69, 360, 34),
(1002, 69, 351, 36),
(1003, 69, 348, 43),
(1004, 69, 348, 52),
(1005, 69, 356, 56),
(1006, 69, 363, 56),
(1007, 69, 368, 56),
(1008, 70, 378, 34),
(1009, 70, 379, 55),
(1010, 70, 379, 60),
(1011, 70, 379, 58),
(1012, 70, 379, 52),
(1013, 70, 379, 46),
(1014, 70, 379, 41),
(1015, 70, 386, 30),
(1016, 70, 391, 29),
(1017, 70, 395, 29),
(1018, 71, 411, 44),
(1019, 71, 418, 44),
(1020, 71, 424, 44),
(1021, 71, 427, 38),
(1022, 71, 419, 32),
(1023, 71, 408, 30),
(1024, 71, 401, 36),
(1025, 71, 399, 50),
(1026, 71, 403, 57),
(1027, 71, 422, 63),
(1028, 71, 427, 62),
(1029, 72, 458, 40),
(1030, 72, 442, 55),
(1031, 72, 443, 56),
(1032, 72, 447, 57),
(1033, 72, 454, 57),
(1034, 72, 462, 54),
(1035, 72, 466, 46),
(1036, 72, 465, 30),
(1037, 72, 462, 20),
(1038, 72, 462, 10),
(1039, 72, 462, 6),
(1040, 72, 462, 6),
(1041, 72, 462, 7),
(1042, 73, 44, 92),
(1043, 73, 46, 93),
(1044, 73, 52, 93),
(1045, 73, 56, 94),
(1046, 73, 59, 94),
(1047, 73, 60, 94),
(1048, 73, 62, 94),
(1049, 73, 63, 94),
(1050, 74, 47, 97),
(1051, 74, 48, 97),
(1052, 74, 52, 97),
(1053, 74, 56, 97),
(1054, 74, 59, 97),
(1055, 74, 63, 97),
(1056, 75, 81, 108),
(1057, 75, 82, 108),
(1058, 75, 88, 100),
(1059, 75, 95, 89),
(1060, 75, 103, 80),
(1061, 75, 104, 80),
(1062, 75, 107, 86),
(1063, 75, 108, 93),
(1064, 75, 108, 95),
(1065, 75, 110, 97),
(1066, 75, 110, 98),
(1067, 75, 110, 99),
(1068, 75, 111, 103),
(1069, 75, 111, 104),
(1070, 76, 107, 94),
(1071, 76, 100, 94),
(1072, 76, 85, 95),
(1073, 76, 84, 95),
(1074, 77, 138, 96),
(1075, 77, 133, 96),
(1076, 77, 133, 97),
(1077, 77, 134, 100),
(1078, 77, 135, 101),
(1079, 77, 135, 102),
(1080, 77, 140, 104),
(1081, 77, 146, 104),
(1082, 77, 146, 102),
(1083, 77, 146, 98),
(1084, 77, 144, 96),
(1085, 77, 141, 94),
(1086, 77, 139, 94),
(1087, 77, 137, 94),
(1088, 77, 136, 94),
(1089, 77, 135, 102),
(1090, 77, 135, 108),
(1091, 77, 135, 111),
(1092, 77, 135, 112),
(1093, 77, 135, 114),
(1094, 77, 135, 116),
(1095, 77, 135, 117),
(1096, 78, 168, 92),
(1097, 78, 162, 98),
(1098, 78, 163, 104),
(1099, 78, 167, 106),
(1100, 78, 174, 106),
(1101, 78, 179, 105),
(1102, 78, 179, 102),
(1103, 78, 180, 96),
(1104, 78, 171, 89),
(1105, 78, 164, 90),
(1106, 78, 160, 96),
(1107, 78, 159, 105),
(1108, 78, 158, 114),
(1109, 78, 158, 120),
(1110, 78, 158, 121),
(1111, 78, 159, 121),
(1112, 79, 196, 80),
(1113, 79, 196, 87),
(1114, 79, 196, 104),
(1115, 79, 196, 107),
(1116, 80, 215, 94),
(1117, 80, 215, 101),
(1118, 80, 216, 106),
(1119, 81, 219, 82),
(1120, 81, 219, 81),
(1121, 81, 218, 81),
(1122, 81, 214, 81),
(1123, 81, 211, 82),
(1124, 81, 211, 83),
(1125, 81, 211, 87),
(1126, 81, 215, 90),
(1127, 81, 220, 90),
(1128, 81, 220, 84),
(1129, 81, 220, 82),
(1130, 82, 247, 93),
(1131, 82, 237, 106),
(1132, 82, 237, 112),
(1133, 82, 244, 116),
(1134, 82, 254, 116),
(1135, 83, 273, 98),
(1136, 83, 266, 100),
(1137, 83, 264, 104),
(1138, 83, 264, 106),
(1139, 83, 275, 108),
(1140, 83, 279, 106),
(1141, 83, 280, 104),
(1142, 83, 280, 101),
(1143, 83, 280, 100),
(1144, 83, 280, 101),
(1145, 83, 283, 109),
(1146, 83, 284, 111),
(1147, 84, 302, 90),
(1148, 84, 302, 108),
(1149, 84, 302, 116),
(1150, 84, 302, 120),
(1151, 85, 295, 106),
(1152, 85, 302, 106),
(1153, 85, 314, 105),
(1154, 85, 315, 105),
(1155, 86, 330, 105),
(1156, 86, 330, 119),
(1157, 86, 330, 125),
(1158, 87, 329, 82),
(1159, 87, 322, 91),
(1160, 87, 323, 94),
(1161, 87, 327, 95),
(1162, 87, 331, 94),
(1163, 87, 332, 90),
(1164, 87, 332, 89),
(1165, 87, 327, 86),
(1166, 87, 326, 85),
(1167, 88, 369, 102),
(1168, 88, 357, 103),
(1169, 88, 349, 109),
(1170, 88, 347, 114),
(1171, 88, 347, 122),
(1172, 88, 355, 125),
(1173, 88, 368, 120),
(1174, 88, 370, 114),
(1175, 88, 362, 105),
(1176, 88, 354, 101),
(1177, 88, 351, 101),
(1178, 88, 354, 101),
(1179, 89, 387, 100),
(1180, 89, 387, 113),
(1181, 89, 386, 119),
(1182, 89, 386, 120),
(1183, 89, 386, 118),
(1184, 89, 387, 114),
(1185, 89, 392, 106),
(1186, 89, 398, 102),
(1187, 89, 399, 101),
(1188, 89, 404, 104),
(1189, 89, 407, 112),
(1190, 89, 407, 120),
(1191, 89, 407, 121),
(1192, 90, 42, 155),
(1193, 90, 43, 155),
(1194, 90, 47, 155),
(1195, 90, 60, 155),
(1196, 90, 62, 154),
(1197, 90, 63, 154),
(1198, 90, 63, 154),
(1199, 90, 64, 154),
(1200, 90, 66, 154),
(1201, 91, 107, 171),
(1202, 91, 103, 161),
(1203, 91, 99, 145),
(1204, 91, 97, 138),
(1205, 91, 97, 134),
(1206, 92, 85, 130),
(1207, 92, 106, 133),
(1208, 92, 119, 133),
(1209, 92, 119, 132),
(1210, 93, 139, 171),
(1211, 93, 139, 168),
(1212, 93, 143, 156),
(1213, 93, 158, 150),
(1214, 94, 189, 154),
(1215, 94, 183, 154),
(1216, 94, 174, 164),
(1217, 94, 174, 168),
(1218, 94, 179, 169),
(1219, 94, 187, 165),
(1220, 94, 187, 164),
(1221, 94, 191, 160),
(1222, 94, 191, 158),
(1223, 94, 191, 156),
(1224, 94, 191, 157),
(1225, 94, 194, 164),
(1226, 94, 195, 172),
(1227, 94, 195, 175),
(1228, 94, 196, 175),
(1229, 94, 198, 175),
(1230, 95, 204, 153),
(1231, 95, 206, 167),
(1232, 95, 206, 166),
(1233, 95, 208, 162),
(1234, 95, 215, 158),
(1235, 95, 220, 154),
(1236, 95, 223, 155),
(1237, 95, 227, 160),
(1238, 95, 227, 166),
(1239, 95, 227, 171),
(1240, 95, 230, 170),
(1241, 96, 252, 148),
(1242, 96, 251, 148),
(1243, 96, 244, 149),
(1244, 96, 242, 152),
(1245, 96, 243, 156),
(1246, 96, 247, 159),
(1247, 96, 254, 160),
(1248, 96, 258, 161),
(1249, 96, 248, 172),
(1250, 96, 245, 174),
(1251, 96, 244, 175),
(1252, 97, 287, 152),
(1253, 97, 276, 162),
(1254, 97, 275, 167),
(1255, 97, 278, 170),
(1256, 97, 283, 171),
(1257, 97, 288, 171),
(1258, 97, 292, 170),
(1259, 97, 294, 166),
(1260, 97, 290, 158),
(1261, 97, 286, 156),
(1262, 97, 283, 156),
(1263, 97, 278, 160),
(1264, 97, 274, 170),
(1265, 97, 273, 179),
(1266, 97, 273, 185),
(1267, 97, 273, 189),
(1268, 97, 273, 190),
(1269, 97, 275, 190),
(1270, 98, 326, 153),
(1271, 98, 311, 161),
(1272, 98, 310, 166),
(1273, 98, 311, 170),
(1274, 98, 315, 172),
(1275, 98, 315, 173),
(1276, 98, 319, 173),
(1277, 98, 323, 174),
(1278, 98, 327, 170),
(1279, 98, 331, 158),
(1280, 98, 331, 156),
(1281, 98, 327, 154),
(1282, 98, 326, 154),
(1283, 98, 327, 155),
(1284, 99, 344, 178),
(1285, 99, 340, 160),
(1286, 99, 342, 158),
(1287, 99, 343, 157),
(1288, 99, 346, 157),
(1289, 99, 347, 157),
(1290, 99, 348, 157),
(1291, 100, 375, 143),
(1292, 100, 375, 153),
(1293, 100, 374, 166),
(1294, 100, 373, 174),
(1295, 100, 373, 178),
(1296, 100, 373, 179),
(1297, 100, 373, 180),
(1298, 101, 361, 160),
(1299, 101, 367, 162),
(1300, 101, 372, 163),
(1301, 101, 375, 163),
(1302, 101, 378, 163),
(1303, 102, 46, 216),
(1304, 102, 68, 217),
(1305, 102, 75, 217),
(1306, 103, 44, 66),
(1307, 103, 44, 64),
(1308, 103, 42, 50),
(1309, 103, 41, 35),
(1310, 103, 42, 29),
(1311, 103, 42, 28),
(1312, 103, 42, 27),
(1313, 103, 42, 26),
(1314, 103, 42, 24),
(1315, 103, 43, 24),
(1316, 103, 44, 24),
(1317, 103, 51, 23),
(1318, 103, 58, 23),
(1319, 103, 67, 22),
(1320, 103, 74, 21),
(1321, 104, 41, 41),
(1322, 104, 46, 42),
(1323, 104, 59, 42),
(1324, 105, 81, 49),
(1325, 105, 83, 63),
(1326, 105, 86, 66),
(1327, 105, 91, 69),
(1328, 105, 94, 70),
(1329, 105, 99, 69),
(1330, 105, 99, 67),
(1331, 105, 100, 64),
(1332, 105, 100, 59),
(1333, 105, 100, 57),
(1334, 105, 100, 56),
(1335, 106, 115, 53),
(1336, 106, 126, 73),
(1337, 106, 126, 74),
(1338, 106, 126, 72),
(1339, 106, 128, 58),
(1340, 106, 136, 49),
(1341, 106, 147, 51),
(1342, 106, 151, 63),
(1343, 106, 151, 65),
(1344, 107, 181, 55),
(1345, 107, 176, 55),
(1346, 107, 172, 59),
(1347, 107, 172, 61),
(1348, 107, 171, 63),
(1349, 107, 171, 69),
(1350, 107, 172, 70),
(1351, 107, 180, 74),
(1352, 107, 188, 69),
(1353, 107, 195, 63),
(1354, 107, 198, 50),
(1355, 107, 203, 27),
(1356, 108, 226, 48),
(1357, 108, 204, 59),
(1358, 108, 207, 66),
(1359, 108, 215, 66),
(1360, 108, 231, 56),
(1361, 108, 231, 55),
(1362, 108, 231, 58),
(1363, 108, 231, 63),
(1364, 108, 231, 66),
(1365, 108, 234, 70),
(1366, 109, 246, 52),
(1367, 109, 247, 65),
(1368, 109, 247, 66),
(1369, 109, 247, 65),
(1370, 109, 255, 51),
(1371, 109, 262, 45),
(1372, 109, 263, 45),
(1373, 109, 267, 55),
(1374, 109, 268, 58),
(1375, 109, 270, 58),
(1376, 109, 274, 53),
(1377, 109, 280, 49),
(1378, 109, 284, 49),
(1379, 109, 291, 61),
(1380, 109, 291, 70),
(1381, 109, 290, 74),
(1382, 109, 290, 75),
(1383, 110, 304, 58),
(1384, 110, 327, 58),
(1385, 110, 327, 57),
(1386, 110, 327, 51),
(1387, 110, 327, 49),
(1388, 110, 326, 48),
(1389, 110, 321, 48),
(1390, 110, 315, 49),
(1391, 110, 310, 50),
(1392, 110, 309, 54),
(1393, 110, 309, 65),
(1394, 110, 311, 70),
(1395, 110, 314, 71),
(1396, 110, 322, 74),
(1397, 110, 323, 74),
(1398, 111, 340, 52),
(1399, 111, 340, 70),
(1400, 111, 340, 73),
(1401, 111, 340, 72),
(1402, 111, 344, 62),
(1403, 111, 350, 56),
(1404, 111, 356, 58),
(1405, 111, 362, 71),
(1406, 111, 362, 74),
(1407, 111, 362, 77),
(1408, 111, 362, 76),
(1409, 112, 378, 31),
(1410, 112, 382, 71),
(1411, 112, 382, 74),
(1412, 112, 382, 73),
(1413, 113, 369, 53),
(1414, 113, 383, 53),
(1415, 113, 390, 53),
(1416, 113, 395, 53),
(1417, 113, 395, 53),
(1418, 114, 423, 56),
(1419, 114, 414, 55),
(1420, 114, 403, 63),
(1421, 114, 402, 70),
(1422, 114, 410, 71),
(1423, 114, 423, 64),
(1424, 114, 424, 60),
(1425, 114, 424, 61),
(1426, 114, 426, 69),
(1427, 114, 427, 74),
(1428, 114, 428, 74),
(1429, 114, 428, 74),
(1430, 115, 440, 25),
(1431, 115, 443, 46),
(1432, 115, 443, 61),
(1433, 115, 444, 63),
(1434, 116, 476, 45),
(1435, 116, 459, 50),
(1436, 116, 455, 58),
(1437, 116, 456, 62),
(1438, 116, 470, 65),
(1439, 116, 471, 66),
(1440, 116, 472, 70),
(1441, 116, 464, 77),
(1442, 116, 458, 79),
(1443, 116, 457, 79),
(1444, 117, 64, 131),
(1445, 117, 75, 134),
(1446, 117, 103, 134),
(1447, 117, 108, 133),
(1448, 118, 139, 151),
(1449, 118, 139, 150),
(1450, 118, 143, 122),
(1451, 118, 155, 101),
(1452, 118, 162, 101),
(1453, 118, 167, 106),
(1454, 118, 170, 113),
(1455, 118, 168, 119),
(1456, 118, 156, 123),
(1457, 118, 149, 125),
(1458, 118, 143, 126),
(1459, 118, 142, 126),
(1460, 118, 143, 126),
(1461, 118, 154, 127),
(1462, 118, 163, 131),
(1463, 118, 167, 137),
(1464, 118, 167, 141),
(1465, 118, 167, 142),
(1466, 118, 170, 149),
(1467, 118, 171, 153),
(1468, 118, 171, 154),
(1469, 118, 174, 153),
(1470, 119, 191, 124),
(1471, 119, 191, 138),
(1472, 119, 190, 142),
(1473, 119, 190, 145),
(1474, 120, 194, 95),
(1475, 120, 191, 95),
(1476, 120, 189, 99),
(1477, 120, 189, 102),
(1478, 120, 191, 105),
(1479, 120, 194, 106),
(1480, 120, 199, 106),
(1481, 120, 202, 103),
(1482, 120, 202, 99),
(1483, 120, 195, 94),
(1484, 120, 192, 93),
(1485, 121, 236, 118),
(1486, 121, 224, 122),
(1487, 121, 215, 130),
(1488, 121, 212, 138),
(1489, 121, 215, 145),
(1490, 121, 220, 149),
(1491, 121, 227, 150),
(1492, 121, 235, 150),
(1493, 122, 258, 133),
(1494, 122, 264, 135),
(1495, 122, 279, 135),
(1496, 122, 284, 131),
(1497, 122, 283, 124),
(1498, 122, 276, 118),
(1499, 122, 268, 117),
(1500, 122, 258, 121),
(1501, 122, 253, 131),
(1502, 122, 252, 138),
(1503, 122, 260, 147),
(1504, 122, 271, 150),
(1505, 122, 276, 150),
(1506, 122, 278, 150),
(1507, 123, 351, 145),
(1508, 123, 351, 147),
(1509, 123, 351, 154),
(1510, 123, 348, 162),
(1511, 123, 347, 166),
(1512, 123, 346, 170),
(1513, 123, 345, 178),
(1514, 123, 346, 185),
(1515, 123, 347, 187),
(1516, 123, 350, 193),
(1517, 123, 355, 198),
(1518, 123, 360, 202),
(1519, 123, 368, 206),
(1520, 123, 379, 209),
(1521, 123, 386, 210),
(1522, 123, 394, 210),
(1523, 123, 407, 210),
(1524, 123, 415, 210),
(1525, 123, 423, 209),
(1526, 123, 428, 208),
(1527, 123, 435, 207),
(1528, 123, 442, 206),
(1529, 123, 448, 203),
(1530, 123, 452, 201),
(1531, 123, 455, 198),
(1532, 123, 459, 192),
(1533, 123, 460, 190),
(1534, 123, 462, 187),
(1535, 123, 463, 183),
(1536, 123, 464, 180),
(1537, 123, 466, 173),
(1538, 123, 467, 164),
(1539, 123, 467, 160),
(1540, 123, 467, 159),
(1541, 123, 468, 154),
(1542, 123, 468, 153),
(1543, 123, 468, 151),
(1544, 123, 463, 144),
(1545, 123, 457, 138),
(1546, 123, 448, 134),
(1547, 123, 439, 132),
(1548, 123, 434, 131),
(1549, 123, 425, 130),
(1550, 123, 417, 129),
(1551, 123, 408, 128),
(1552, 123, 400, 128),
(1553, 123, 391, 129),
(1554, 123, 383, 130),
(1555, 123, 377, 131),
(1556, 123, 367, 135),
(1557, 123, 361, 138),
(1558, 123, 359, 139),
(1559, 123, 355, 142),
(1560, 123, 354, 143),
(1561, 123, 353, 145),
(1562, 123, 353, 146),
(1563, 123, 353, 147),
(1564, 123, 356, 153),
(1565, 123, 362, 155),
(1566, 123, 367, 159),
(1567, 123, 374, 162),
(1568, 123, 379, 165),
(1569, 123, 384, 166),
(1570, 123, 388, 167),
(1571, 123, 394, 169),
(1572, 123, 399, 170),
(1573, 123, 411, 170),
(1574, 123, 420, 170),
(1575, 123, 427, 170),
(1576, 123, 435, 169),
(1577, 123, 443, 166),
(1578, 123, 455, 163),
(1579, 123, 458, 161),
(1580, 123, 459, 160),
(1581, 123, 462, 158),
(1582, 123, 463, 157),
(1583, 123, 464, 156),
(1584, 123, 466, 155),
(1585, 123, 466, 154),
(1586, 123, 467, 154),
(1587, 123, 467, 151),
(1588, 124, 391, 99),
(1589, 124, 390, 99),
(1590, 124, 387, 99),
(1591, 124, 384, 99),
(1592, 124, 383, 99),
(1593, 124, 382, 102),
(1594, 124, 381, 103),
(1595, 124, 382, 107),
(1596, 124, 387, 113),
(1597, 124, 390, 117),
(1598, 124, 395, 126),
(1599, 124, 398, 133),
(1600, 124, 399, 137),
(1601, 124, 402, 141),
(1602, 124, 403, 142),
(1603, 124, 403, 145),
(1604, 124, 404, 146),
(1605, 124, 406, 147),
(1606, 124, 406, 150),
(1607, 124, 407, 150),
(1608, 124, 407, 153),
(1609, 124, 408, 155),
(1610, 124, 408, 157),
(1611, 124, 408, 156),
(1612, 125, 389, 98),
(1613, 125, 396, 107),
(1614, 125, 400, 115),
(1615, 125, 403, 121),
(1616, 125, 404, 123),
(1617, 125, 407, 127),
(1618, 125, 407, 130),
(1619, 125, 408, 133),
(1620, 125, 410, 134),
(1621, 125, 411, 138),
(1622, 125, 411, 141),
(1623, 125, 411, 142),
(1624, 125, 412, 142),
(1625, 125, 412, 143),
(1626, 125, 412, 145),
(1627, 125, 412, 146),
(1628, 125, 414, 146),
(1629, 125, 414, 149),
(1630, 125, 414, 150),
(1631, 125, 414, 150),
(1632, 125, 413, 151),
(1633, 126, 423, 143),
(1634, 126, 422, 143),
(1635, 126, 419, 139),
(1636, 126, 415, 134),
(1637, 126, 412, 130),
(1638, 126, 409, 120),
(1639, 126, 408, 117),
(1640, 126, 408, 115),
(1641, 126, 407, 112),
(1642, 126, 407, 111),
(1643, 126, 406, 107),
(1644, 126, 406, 105),
(1645, 126, 405, 103),
(1646, 126, 405, 101),
(1647, 126, 405, 99),
(1648, 126, 404, 98),
(1649, 126, 403, 97),
(1650, 126, 403, 95),
(1651, 126, 403, 94),
(1652, 126, 403, 93),
(1653, 126, 404, 93),
(1654, 126, 411, 97),
(1655, 126, 415, 99),
(1656, 126, 416, 106),
(1657, 126, 419, 113),
(1658, 126, 423, 123),
(1659, 126, 426, 129),
(1660, 126, 427, 130),
(1661, 126, 427, 133),
(1662, 126, 427, 134),
(1663, 126, 428, 137),
(1664, 126, 430, 138),
(1665, 126, 431, 138),
(1666, 126, 431, 139),
(1667, 126, 431, 142),
(1668, 127, 366, 145),
(1669, 127, 366, 144),
(1670, 127, 367, 144),
(1671, 127, 367, 144),
(1672, 127, 371, 143),
(1673, 127, 376, 140),
(1674, 127, 379, 139),
(1675, 127, 379, 141),
(1676, 127, 382, 142),
(1677, 127, 387, 141),
(1678, 127, 388, 139),
(1679, 127, 390, 139),
(1680, 127, 391, 142),
(1681, 127, 391, 142),
(1682, 127, 392, 142),
(1683, 127, 394, 142),
(1684, 128, 383, 149),
(1685, 128, 384, 148),
(1686, 128, 387, 148),
(1687, 128, 388, 151),
(1688, 128, 391, 154),
(1689, 128, 394, 154),
(1690, 128, 395, 154),
(1691, 128, 395, 154),
(1692, 128, 399, 154),
(1693, 129, 419, 151),
(1694, 129, 423, 151),
(1695, 129, 432, 146),
(1696, 129, 435, 146),
(1697, 129, 444, 147),
(1698, 129, 448, 145),
(1699, 129, 450, 146),
(1700, 130, 435, 138),
(1701, 130, 435, 138),
(1702, 130, 440, 141),
(1703, 130, 443, 142),
(1704, 130, 443, 142),
(1705, 131, 392, 128),
(1706, 131, 394, 131),
(1707, 131, 398, 138),
(1708, 131, 399, 139),
(1709, 131, 399, 141),
(1710, 131, 399, 141),
(1711, 131, 399, 142),
(1712, 131, 400, 142),
(1713, 132, 395, 126),
(1714, 132, 396, 129),
(1715, 132, 399, 134),
(1716, 132, 400, 137),
(1717, 132, 402, 138),
(1718, 132, 403, 141),
(1719, 132, 403, 142),
(1720, 132, 403, 142),
(1721, 133, 398, 128),
(1722, 133, 399, 130),
(1723, 133, 400, 137),
(1724, 133, 403, 139),
(1725, 133, 403, 141),
(1726, 133, 403, 142),
(1727, 133, 404, 142),
(1751, 138, 25, 50),
(1752, 138, 26, 50),
(1753, 138, 31, 50),
(1754, 138, 36, 50),
(1755, 138, 42, 50),
(1756, 138, 43, 50),
(1757, 138, 44, 50),
(1758, 138, 47, 50),
(1759, 139, 86, 30),
(1760, 139, 85, 30),
(1761, 139, 79, 31),
(1762, 139, 76, 34),
(1763, 139, 73, 38),
(1764, 139, 71, 42),
(1765, 139, 70, 46),
(1766, 139, 69, 50),
(1767, 139, 69, 51),
(1768, 139, 75, 58),
(1769, 139, 79, 59),
(1770, 139, 83, 59),
(1771, 139, 84, 59),
(1772, 140, 75, 46),
(1773, 140, 79, 46),
(1774, 140, 79, 46),
(1775, 140, 82, 47),
(1776, 140, 83, 51),
(1777, 140, 83, 54),
(1778, 140, 84, 58),
(1779, 140, 84, 61),
(1780, 140, 84, 62),
(1781, 141, 95, 53),
(1782, 141, 103, 54),
(1783, 141, 112, 54),
(1784, 141, 119, 52),
(1785, 141, 123, 49),
(1786, 141, 123, 46),
(1787, 141, 119, 44),
(1788, 141, 113, 43),
(1789, 141, 110, 43),
(1790, 141, 105, 46),
(1791, 141, 103, 50),
(1792, 141, 107, 62),
(1793, 141, 115, 63),
(1794, 141, 119, 63),
(1795, 141, 122, 63),
(1796, 141, 123, 63),
(1797, 142, 143, 19),
(1798, 142, 143, 41),
(1799, 142, 143, 53),
(1800, 142, 143, 62),
(1801, 142, 143, 62),
(1802, 142, 143, 63),
(1803, 142, 143, 66),
(1804, 143, 133, 32),
(1805, 143, 148, 34),
(1806, 143, 155, 34),
(1807, 144, 216, 46),
(1808, 144, 206, 44),
(1809, 144, 198, 46),
(1810, 144, 194, 53),
(1811, 144, 194, 59),
(1812, 144, 196, 63),
(1813, 144, 207, 63),
(1814, 144, 210, 60),
(1815, 144, 211, 56),
(1816, 144, 212, 52),
(1817, 144, 214, 50),
(1818, 144, 215, 51),
(1819, 144, 215, 58),
(1820, 144, 216, 70),
(1821, 144, 216, 78),
(1822, 144, 215, 85),
(1823, 144, 212, 89),
(1824, 144, 205, 93),
(1825, 144, 201, 94),
(1826, 145, 243, 45),
(1827, 145, 237, 47),
(1828, 145, 234, 54),
(1829, 145, 235, 61),
(1830, 145, 238, 62),
(1831, 145, 240, 62),
(1832, 145, 246, 62),
(1833, 145, 248, 59),
(1834, 145, 250, 48),
(1835, 145, 245, 44),
(1836, 145, 242, 43),
(1837, 145, 242, 42),
(1838, 146, 273, 46),
(1839, 146, 265, 50),
(1840, 146, 262, 54),
(1841, 146, 262, 58),
(1842, 146, 263, 62),
(1843, 146, 267, 66),
(1844, 146, 271, 66),
(1845, 146, 284, 55),
(1846, 146, 283, 50),
(1847, 146, 277, 44),
(1848, 146, 273, 41),
(1849, 147, 312, 49),
(1850, 147, 303, 51),
(1851, 147, 297, 62),
(1852, 147, 299, 69),
(1853, 147, 306, 70),
(1854, 147, 312, 69),
(1855, 147, 319, 62),
(1856, 147, 320, 42),
(1857, 147, 319, 27),
(1858, 147, 319, 21),
(1859, 147, 319, 22),
(1860, 148, 43, 58),
(1861, 148, 52, 59),
(1862, 148, 53, 59),
(1863, 149, 71, 74),
(1864, 149, 71, 71),
(1865, 149, 67, 47),
(1866, 149, 67, 42),
(1867, 149, 67, 39),
(1868, 149, 71, 35),
(1869, 149, 78, 34),
(1870, 149, 79, 34),
(1871, 149, 80, 34),
(1872, 150, 67, 52),
(1873, 150, 68, 52),
(1874, 150, 79, 52),
(1875, 151, 94, 35),
(1876, 151, 94, 74),
(1877, 151, 94, 75),
(1878, 152, 119, 57),
(1879, 152, 107, 64),
(1880, 152, 106, 70),
(1881, 152, 109, 76),
(1882, 152, 117, 78),
(1883, 152, 124, 73),
(1884, 152, 126, 67),
(1885, 152, 126, 61),
(1886, 152, 119, 59),
(1887, 153, 145, 59),
(1888, 153, 134, 67),
(1889, 153, 134, 72),
(1890, 153, 136, 75),
(1891, 153, 145, 76),
(1892, 153, 149, 76),
(1893, 153, 152, 73),
(1894, 153, 150, 66),
(1895, 153, 143, 60),
(1896, 154, 170, 76),
(1897, 154, 169, 71),
(1898, 154, 167, 61),
(1899, 154, 168, 58),
(1900, 154, 168, 56),
(1901, 154, 169, 56),
(1902, 154, 171, 56),
(1903, 154, 174, 56),
(1904, 154, 175, 56),
(1905, 155, 202, 55),
(1906, 155, 195, 55),
(1907, 155, 187, 67),
(1908, 155, 199, 74),
(1909, 155, 201, 78),
(1910, 155, 199, 82),
(1911, 155, 195, 82),
(1912, 155, 194, 82),
(1913, 155, 193, 82),
(1914, 155, 193, 83),
(1915, 156, 263, 62),
(1916, 156, 296, 57),
(1917, 156, 305, 56),
(1918, 156, 312, 56),
(1919, 156, 319, 56),
(1920, 156, 321, 55),
(1921, 156, 322, 55),
(1922, 156, 325, 55),
(1923, 156, 326, 55),
(1924, 156, 327, 55),
(1925, 156, 328, 55),
(1926, 156, 333, 55),
(1927, 156, 334, 55),
(1928, 157, 47, 128),
(1929, 157, 52, 128),
(1930, 157, 58, 128),
(1931, 157, 59, 128),
(1932, 157, 60, 128),
(1933, 158, 81, 122),
(1934, 158, 81, 122),
(1935, 158, 83, 126),
(1936, 158, 85, 131),
(1937, 158, 87, 132),
(1938, 158, 90, 132),
(1939, 158, 94, 132),
(1940, 158, 97, 128),
(1941, 158, 99, 125),
(1942, 158, 100, 122),
(1943, 158, 100, 122),
(1944, 158, 102, 134),
(1945, 158, 106, 138),
(1946, 158, 113, 129),
(1947, 158, 114, 129),
(1948, 159, 131, 127),
(1949, 159, 126, 132),
(1950, 159, 127, 134),
(1951, 159, 133, 134),
(1952, 159, 135, 133),
(1953, 159, 137, 130),
(1954, 159, 137, 128),
(1955, 159, 137, 126),
(1956, 159, 137, 126),
(1957, 159, 137, 132),
(1958, 159, 139, 135),
(1959, 160, 155, 113),
(1960, 160, 154, 130),
(1961, 160, 154, 135),
(1962, 161, 164, 110),
(1963, 161, 165, 130),
(1964, 161, 165, 136),
(1965, 161, 165, 138),
(1966, 162, 192, 120),
(1967, 162, 181, 122),
(1968, 162, 177, 127),
(1969, 162, 183, 130),
(1970, 162, 190, 131),
(1971, 162, 193, 132),
(1972, 162, 194, 136),
(1973, 162, 191, 139),
(1974, 162, 187, 142),
(1975, 162, 185, 144),
(1976, 163, 259, 150),
(1977, 163, 273, 135),
(1978, 163, 276, 132),
(1979, 163, 281, 127),
(1980, 163, 291, 116),
(1981, 163, 293, 114),
(1982, 163, 296, 110),
(1983, 163, 299, 107),
(1984, 163, 301, 105),
(1985, 163, 303, 104),
(1986, 163, 303, 103),
(1987, 163, 304, 103),
(1988, 163, 305, 102),
(1989, 164, 265, 104),
(1990, 164, 263, 112),
(1991, 164, 263, 120),
(1992, 164, 263, 126),
(1993, 164, 263, 130),
(1994, 164, 263, 132),
(1995, 164, 263, 136),
(1996, 164, 263, 138),
(1997, 164, 263, 142),
(1998, 164, 263, 146),
(1999, 164, 263, 147),
(2000, 164, 263, 148),
(2001, 164, 263, 151),
(2002, 164, 263, 152),
(2003, 164, 263, 154),
(2004, 164, 263, 155),
(2005, 165, 43, 216),
(2006, 165, 50, 215),
(2007, 165, 54, 216),
(2008, 165, 57, 218),
(2009, 165, 59, 218),
(2010, 165, 60, 218),
(2011, 165, 61, 219),
(2012, 166, 79, 222),
(2013, 166, 79, 222),
(2014, 166, 78, 218),
(2015, 166, 78, 210),
(2016, 166, 85, 204),
(2017, 166, 87, 201),
(2018, 166, 94, 197),
(2019, 166, 97, 196),
(2020, 167, 118, 197),
(2021, 167, 109, 203),
(2022, 167, 107, 208),
(2023, 167, 107, 210),
(2024, 167, 109, 212),
(2025, 167, 111, 214),
(2026, 167, 115, 213),
(2027, 167, 118, 210),
(2028, 167, 119, 206),
(2029, 167, 120, 203),
(2030, 167, 121, 202),
(2031, 167, 121, 202),
(2032, 167, 125, 211),
(2033, 167, 129, 220),
(2034, 167, 130, 222),
(2035, 168, 140, 201),
(2036, 168, 144, 212),
(2037, 168, 145, 218),
(2038, 168, 145, 218),
(2039, 168, 148, 212),
(2040, 168, 155, 203),
(2041, 168, 163, 198),
(2042, 168, 166, 199),
(2043, 168, 169, 207),
(2044, 168, 169, 208),
(2045, 168, 170, 208),
(2046, 168, 175, 201),
(2047, 168, 184, 197),
(2048, 168, 186, 198),
(2049, 168, 188, 203),
(2050, 168, 188, 214),
(2051, 168, 187, 218),
(2052, 169, 211, 202),
(2053, 169, 209, 212),
(2054, 169, 214, 222),
(2055, 169, 217, 222),
(2056, 169, 222, 215),
(2057, 169, 223, 211),
(2058, 169, 223, 201),
(2059, 169, 219, 198),
(2060, 169, 214, 198),
(2061, 169, 206, 207),
(2062, 169, 203, 218),
(2063, 169, 203, 230),
(2064, 169, 204, 235),
(2065, 169, 204, 236),
(2066, 169, 205, 236),
(2067, 170, 261, 193),
(2068, 170, 251, 194),
(2069, 170, 239, 202),
(2070, 170, 239, 204),
(2071, 170, 242, 208),
(2072, 170, 248, 210),
(2073, 170, 251, 212),
(2074, 170, 253, 215),
(2075, 170, 253, 218),
(2076, 170, 249, 222),
(2077, 170, 245, 223),
(2078, 170, 243, 223),
(2079, 170, 243, 223),
(2080, 171, 305, 233),
(2081, 171, 306, 232),
(2082, 171, 313, 226),
(2083, 171, 317, 221),
(2084, 171, 324, 215),
(2085, 171, 331, 208),
(2086, 171, 339, 200),
(2087, 171, 345, 196),
(2088, 171, 353, 190),
(2089, 171, 354, 188),
(2090, 171, 355, 188),
(2091, 171, 361, 184),
(2092, 171, 362, 183),
(2093, 172, 43, 278),
(2094, 172, 57, 278),
(2095, 172, 65, 278),
(2096, 173, 97, 270),
(2097, 173, 91, 272),
(2098, 173, 87, 279),
(2099, 173, 88, 286),
(2100, 173, 92, 287),
(2101, 173, 100, 290),
(2102, 173, 105, 290),
(2103, 173, 107, 289),
(2104, 174, 130, 270),
(2105, 174, 119, 279),
(2106, 174, 118, 286),
(2107, 174, 118, 290),
(2108, 174, 121, 291),
(2109, 174, 136, 290),
(2110, 174, 140, 284),
(2111, 174, 140, 280),
(2112, 174, 135, 269),
(2113, 174, 134, 268),
(2114, 174, 133, 268),
(2115, 175, 152, 272),
(2116, 175, 153, 286),
(2117, 175, 153, 286),
(2118, 175, 154, 286),
(2119, 175, 161, 278),
(2120, 175, 175, 272),
(2121, 175, 178, 275),
(2122, 175, 180, 282),
(2123, 175, 180, 286),
(2124, 175, 180, 288),
(2125, 175, 180, 290),
(2126, 176, 191, 282),
(2127, 176, 195, 282),
(2128, 176, 207, 281),
(2129, 176, 212, 278),
(2130, 176, 213, 276),
(2131, 176, 209, 272),
(2132, 176, 206, 271),
(2133, 176, 202, 275),
(2134, 176, 199, 280),
(2135, 176, 197, 284),
(2136, 176, 197, 290),
(2137, 176, 208, 294),
(2138, 176, 221, 293),
(2139, 176, 221, 291),
(2140, 177, 247, 265),
(2141, 177, 235, 270),
(2142, 177, 244, 276),
(2143, 177, 249, 279),
(2144, 177, 252, 286),
(2145, 177, 251, 290),
(2146, 177, 250, 292),
(2147, 177, 239, 296),
(2148, 177, 239, 298),
(2149, 177, 241, 298),
(2150, 178, 301, 284),
(2151, 178, 302, 284),
(2152, 178, 308, 283),
(2153, 178, 319, 279),
(2154, 178, 325, 277),
(2155, 178, 330, 274),
(2156, 178, 335, 271),
(2157, 178, 341, 268),
(2158, 178, 346, 266),
(2159, 178, 349, 265),
(2160, 178, 350, 265),
(2161, 178, 353, 264),
(2162, 178, 354, 263),
(2163, 178, 358, 261),
(2164, 178, 359, 261),
(2165, 178, 365, 264),
(2166, 178, 371, 268),
(2167, 178, 386, 270),
(2168, 178, 390, 271),
(2169, 178, 395, 272),
(2170, 178, 398, 274),
(2171, 178, 400, 275),
(2172, 178, 402, 276),
(2173, 178, 405, 278),
(2174, 178, 410, 278),
(2175, 178, 412, 278),
(2176, 178, 414, 278),
(2177, 178, 416, 278),
(2178, 178, 417, 278),
(2179, 178, 419, 278),
(2180, 178, 420, 278),
(2181, 178, 421, 278),
(2182, 178, 422, 278),
(2183, 179, 313, 286),
(2184, 179, 315, 286),
(2185, 179, 324, 285),
(2186, 179, 334, 279),
(2187, 179, 343, 272),
(2188, 179, 349, 269),
(2189, 179, 354, 267),
(2190, 179, 357, 266),
(2191, 179, 360, 263),
(2192, 179, 361, 262),
(2193, 179, 362, 261),
(2194, 179, 363, 261),
(2195, 179, 364, 261),
(2196, 179, 366, 262),
(2197, 179, 372, 266),
(2198, 179, 376, 270),
(2199, 179, 381, 274),
(2200, 179, 387, 278),
(2201, 179, 392, 279),
(2202, 179, 396, 280),
(2203, 179, 402, 280),
(2204, 179, 406, 280),
(2205, 179, 409, 282),
(2206, 179, 410, 282),
(2207, 179, 411, 282),
(2208, 180, 315, 291),
(2209, 180, 315, 291),
(2210, 180, 324, 284),
(2211, 180, 331, 278),
(2212, 180, 348, 266),
(2213, 180, 352, 263),
(2214, 180, 354, 262),
(2215, 180, 355, 262),
(2216, 180, 358, 260),
(2217, 180, 359, 260),
(2218, 180, 360, 260),
(2219, 180, 366, 263),
(2220, 180, 373, 266),
(2221, 180, 378, 270),
(2222, 180, 385, 272),
(2223, 180, 390, 274),
(2224, 180, 399, 279),
(2225, 180, 402, 280),
(2226, 180, 405, 282),
(2227, 180, 407, 282),
(2228, 180, 409, 282),
(2229, 180, 411, 284),
(2230, 180, 412, 284),
(2231, 180, 413, 284),
(2232, 180, 413, 286),
(2233, 180, 414, 286),
(2234, 181, 67, 87),
(2235, 181, 65, 85),
(2236, 181, 63, 61),
(2237, 181, 63, 54),
(2238, 181, 65, 46),
(2239, 181, 67, 38),
(2240, 181, 68, 34),
(2241, 181, 70, 30),
(2242, 181, 72, 23),
(2243, 181, 73, 23),
(2244, 181, 79, 23),
(2245, 181, 84, 24),
(2246, 181, 86, 26),
(2247, 181, 90, 30),
(2248, 181, 92, 35),
(2249, 181, 92, 39),
(2250, 181, 91, 41),
(2251, 181, 77, 46),
(2252, 181, 74, 46),
(2253, 181, 73, 46),
(2254, 181, 70, 46),
(2255, 181, 69, 46),
(2256, 181, 69, 45),
(2257, 181, 67, 45),
(2258, 181, 66, 42),
(2259, 182, 114, 106),
(2260, 182, 116, 99),
(2261, 182, 123, 82),
(2262, 182, 130, 67),
(2263, 182, 132, 62),
(2264, 182, 133, 62),
(2265, 182, 135, 61),
(2266, 183, 115, 59),
(2267, 183, 119, 76),
(2268, 183, 119, 79),
(2269, 183, 121, 82),
(2270, 184, 165, 38),
(2271, 184, 165, 51),
(2272, 184, 163, 71),
(2273, 184, 162, 80),
(2274, 185, 154, 62),
(2275, 185, 169, 63),
(2276, 185, 174, 63),
(2277, 185, 174, 62),
(2278, 186, 189, 34),
(2279, 186, 192, 61),
(2280, 186, 191, 73),
(2281, 186, 191, 79),
(2282, 186, 190, 81),
(2283, 186, 190, 83),
(2284, 186, 190, 85),
(2285, 186, 190, 82),
(2286, 186, 192, 70),
(2287, 186, 198, 65),
(2288, 186, 202, 65),
(2289, 186, 205, 65),
(2290, 186, 214, 73),
(2291, 186, 214, 83),
(2292, 186, 214, 86),
(2293, 187, 253, 59),
(2294, 187, 251, 60),
(2295, 187, 239, 74),
(2296, 187, 239, 80),
(2297, 187, 242, 85),
(2298, 187, 245, 87),
(2299, 187, 252, 89),
(2300, 187, 262, 89),
(2301, 187, 273, 82),
(2302, 187, 274, 75),
(2303, 187, 271, 69),
(2304, 187, 267, 66),
(2305, 187, 263, 62),
(2306, 187, 255, 59),
(2307, 187, 251, 59),
(2308, 187, 249, 59),
(2309, 188, 290, 58),
(2310, 188, 290, 76),
(2311, 188, 289, 88),
(2312, 188, 287, 89),
(2313, 188, 287, 87),
(2314, 188, 289, 82),
(2315, 188, 293, 70),
(2316, 188, 302, 61),
(2317, 188, 305, 58),
(2318, 188, 320, 69),
(2319, 188, 326, 88),
(2320, 188, 325, 98),
(2321, 188, 323, 101),
(2322, 189, 59, 97),
(2323, 189, 59, 95),
(2324, 189, 65, 89),
(2325, 189, 73, 75),
(2326, 189, 81, 62),
(2327, 189, 87, 50),
(2328, 189, 90, 45),
(2329, 189, 96, 35),
(2330, 189, 99, 31),
(2331, 189, 100, 31),
(2332, 189, 105, 52),
(2333, 189, 106, 67),
(2334, 189, 108, 78),
(2335, 189, 108, 86),
(2336, 189, 108, 88),
(2337, 189, 109, 91),
(2338, 190, 77, 62),
(2339, 190, 87, 62),
(2340, 190, 93, 63),
(2341, 190, 98, 63),
(2342, 190, 102, 64),
(2343, 190, 106, 64),
(2344, 191, 145, 62),
(2345, 191, 145, 92),
(2346, 191, 145, 105),
(2347, 191, 139, 122),
(2348, 191, 131, 133),
(2349, 191, 129, 134),
(2350, 191, 125, 130),
(2351, 192, 144, 27),
(2352, 192, 143, 27),
(2353, 192, 141, 29),
(2354, 192, 139, 33),
(2355, 192, 139, 35),
(2356, 192, 139, 36),
(2357, 192, 141, 37),
(2358, 192, 143, 38),
(2359, 192, 147, 38),
(2360, 192, 152, 37),
(2361, 192, 153, 31),
(2362, 192, 151, 26),
(2363, 192, 149, 22),
(2364, 192, 143, 22),
(2365, 192, 142, 22),
(2366, 193, 223, 69),
(2367, 193, 211, 67),
(2368, 193, 198, 68),
(2369, 193, 183, 76),
(2370, 193, 183, 88),
(2371, 193, 189, 93),
(2372, 193, 197, 94),
(2373, 193, 207, 91),
(2374, 193, 212, 87),
(2375, 193, 220, 69),
(2376, 193, 220, 70),
(2377, 193, 222, 87),
(2378, 193, 222, 93),
(2379, 193, 223, 97),
(2380, 193, 224, 101),
(2381, 193, 225, 101),
(2382, 194, 253, 100),
(2383, 194, 254, 99),
(2384, 194, 274, 85),
(2385, 194, 283, 78),
(2386, 194, 290, 73),
(2387, 194, 297, 66),
(2388, 194, 299, 66),
(2389, 195, 255, 59),
(2390, 195, 272, 82),
(2391, 195, 277, 88),
(2392, 195, 285, 98),
(2393, 195, 294, 106),
(2394, 195, 294, 107);

-- --------------------------------------------------------

--
-- Table structure for table `session`
--

CREATE TABLE `session` (
  `SessionID` int(11) NOT NULL,
  `SessionName` varchar(50) NOT NULL,
  `SessionCode` varchar(255) NOT NULL,
  `Timestamp` timestamp NOT NULL DEFAULT CURRENT_TIMESTAMP
) ENGINE=InnoDB DEFAULT CHARSET=utf8;

--
-- Dumping data for table `session`
--

INSERT INTO `session` (`SessionID`, `SessionName`, `SessionCode`, `Timestamp`) VALUES
(3, 'Fortnite Lessons For Fafa', '17428737581554768881', '2019-04-09 00:14:41'),
(4, 'How The Internet Works', '1390914901554769195', '2019-04-09 00:19:55'),
(5, 'The mysteries of mystery', '3892664421554769403', '2019-04-09 00:23:23'),
(6, 'How to Get Vitamin D From the Shadows', '10071723201554769426', '2019-04-09 00:23:46'),
(7, 'How To Cook Good Food', '8554391351554769454', '2019-04-09 00:24:14'),
(8, 'Principles of Pets', '5496151861554769840', '2019-04-09 00:30:40'),
(9, 'Principles of Pets II', '17314067921554769882', '2019-04-09 00:31:22'),
(10, 'How to Beat Fafa at Facebook Basketball', '7644534451554769987', '2019-04-09 00:33:07'),
(11, 'How to Build in Fortnite', '795351811554770209', '2019-04-09 00:36:49'),
(12, 'Intro to Programming', '21424067661554770452', '2019-04-09 00:40:52'),
(13, 'Advanced Programming Techniques', '16439354631554770570', '2019-04-09 00:42:50');

-- --------------------------------------------------------

--
-- Table structure for table `user`
--

CREATE TABLE `user` (
  `UserID` int(11) NOT NULL,
  `Username` varchar(20) NOT NULL,
  `FirstName` varchar(50) NOT NULL,
  `LastName` varchar(50) NOT NULL,
  `UserPassword` varchar(255) NOT NULL,
  `Email` varchar(254) NOT NULL,
  `ShortBio` longtext,
  `PicName` varchar(255) NOT NULL
) ENGINE=InnoDB DEFAULT CHARSET=utf8;

--
-- Dumping data for table `user`
--

INSERT INTO `user` (`UserID`, `Username`, `FirstName`, `LastName`, `UserPassword`, `Email`, `ShortBio`, `PicName`) VALUES
(6, 'cloudMaster', 'fafa', 'ke', '$2y$10$h6QE8Qi9jM6r3hqyu5/TTuLZ.IDuvS58JIQkivvvAQMn3aAyRkp2q', 'fafa@league.com', 'Nothing here yet...', '15122474951553820024.png'),
(7, 'senorDavid', 'david', 'moreno', '$2y$10$o/SD9I1pHXNrZCgCvSQSVu0b5yF9NULdPff9cpuJqsVLHqYkMkHLe', 'david@fortniteisbetter.ca', 'They call me david.', '18200786351553819914.png'),
(9, 'Fafa', 'Fafa', 'Ke', '$2y$10$PFHXAnEQgnxJ1Z0JzcC6Re.b9J66uv/0WeZHp5DNlIJqh0iBprO8W', 'fafa@leagueoflegends.ca', 'I like walks on the internet.', '8872081091554768753.png'),
(10, 'David', 'David', 'Moreno', '$2y$10$Gtm7Vl12o0oPk5PUd62UsuPeps6J7EH61IghZfm8oLGvXBi/tuAEK', 'david@fortnite.ca', 'They call me david.', '19074633891554768840.png'),
(11, 'Hacker', 'Anon', 'Anonymous', '$2y$10$84o1gW5HPUVaEARIlkvbCuwwXZRvwFY15HH7IrE5NQNJEnHI1k7/q', 'mysetery@mysterious.com', 'Nothing here yet...', '0.png'),
(12, 'CuriousLlama', 'Curious', 'Llama', '$2y$10$agRyGr9SMmqa.xduxD0r/O4GMvxUrxrMHXYmzIv7P361IkpeY6/t6', 'curiousllama@curiosity.com', 'I wonder...', '17617772821554769684.jpg'),
(13, 'CatLady', 'Cat', 'Lady', '$2y$10$PgIHyRDT2XWjVcsMR6keH.sbsmfOKxvquIaccUH93rYoFe6.BO5PS', 'cats@pets.com', 'I love cats.', '10291117561554769829.png'),
(14, 'SportsFan', 'Sports', 'Fan', '$2y$10$Omzo2ZxpwBLlfnTk/09.N.DtUkuGD6wOjekmSiWpDg8/BsoGkChNS', 'sports@theyarenice.com', 'Nothing here yet...', '5148547991554770116.jpg'),
(15, 'Gamer', 'Jon', 'Smith', '$2y$10$tmfEojM5yCDnSYahHK0mK.I2GbVnhtejANrvi4Qld8L3W9POOxKde', 'gamer123@games.com', 'Fortnite is better than League of legends, in my opinion.', '9866110831554770198.jpg'),
(16, 'LikesToLearn', 'Jane', 'Smith', '$2y$10$MCaD2vIoumQvsD5EEW2e/.N2QiKKV7vg0y81fo65JU7BRktKjm2pq', 'learningIsNice@educational.com', 'I am looking to improve in computer science courses.', '5162748981554770442.jpg');

-- --------------------------------------------------------

--
-- Table structure for table `usersession`
--

CREATE TABLE `usersession` (
  `UserID` int(11) NOT NULL,
  `SessionID` int(11) NOT NULL,
  `UserType` int(11) NOT NULL,
  `Status` int(11) NOT NULL
) ENGINE=InnoDB DEFAULT CHARSET=utf8;

--
-- Dumping data for table `usersession`
--

INSERT INTO `usersession` (`UserID`, `SessionID`, `UserType`, `Status`) VALUES
(9, 3, 2, 1),
(9, 4, 2, 1),
(9, 7, 1, 1),
(9, 8, 2, 0),
(9, 13, 1, 1),
(10, 3, 1, 1),
(10, 10, 2, 1),
(10, 11, 2, 1),
(10, 12, 1, 1),
(11, 4, 1, 1),
(11, 5, 1, 0),
(11, 6, 1, 0),
(12, 7, 2, 1),
(13, 8, 1, 0),
(13, 9, 1, 1),
(14, 10, 1, 1),
(15, 11, 1, 1),
(16, 12, 2, 1),
(16, 13, 2, 1);

--
-- Indexes for dumped tables
--

--
-- Indexes for table `chat`
--
ALTER TABLE `chat`
  ADD PRIMARY KEY (`ChatID`),
  ADD KEY `MessageID` (`ChatID`),
  ADD KEY `UserID` (`UserID`),
  ADD KEY `SessionID` (`SessionID`);

--
-- Indexes for table `line`
--
ALTER TABLE `line`
  ADD PRIMARY KEY (`LineID`),
  ADD KEY `LineID` (`LineID`),
  ADD KEY `SessionID` (`SessionID`);

--
-- Indexes for table `point`
--
ALTER TABLE `point`
  ADD PRIMARY KEY (`PointID`),
  ADD KEY `LineID` (`LineID`),
  ADD KEY `PointID` (`PointID`);

--
-- Indexes for table `session`
--
ALTER TABLE `session`
  ADD PRIMARY KEY (`SessionID`),
  ADD KEY `SessionID` (`SessionID`);

--
-- Indexes for table `user`
--
ALTER TABLE `user`
  ADD PRIMARY KEY (`UserID`),
  ADD KEY `UserID` (`UserID`);

--
-- Indexes for table `usersession`
--
ALTER TABLE `usersession`
  ADD PRIMARY KEY (`UserID`,`SessionID`),
  ADD KEY `UserID` (`UserID`),
  ADD KEY `SessionID` (`SessionID`);

--
-- AUTO_INCREMENT for dumped tables
--

--
-- AUTO_INCREMENT for table `chat`
--
ALTER TABLE `chat`
  MODIFY `ChatID` int(11) NOT NULL AUTO_INCREMENT, AUTO_INCREMENT=23;

--
-- AUTO_INCREMENT for table `line`
--
ALTER TABLE `line`
  MODIFY `LineID` int(11) NOT NULL AUTO_INCREMENT, AUTO_INCREMENT=196;

--
-- AUTO_INCREMENT for table `point`
--
ALTER TABLE `point`
  MODIFY `PointID` int(11) NOT NULL AUTO_INCREMENT, AUTO_INCREMENT=2395;

--
-- AUTO_INCREMENT for table `session`
--
ALTER TABLE `session`
  MODIFY `SessionID` int(11) NOT NULL AUTO_INCREMENT, AUTO_INCREMENT=14;

--
-- AUTO_INCREMENT for table `user`
--
ALTER TABLE `user`
  MODIFY `UserID` int(11) NOT NULL AUTO_INCREMENT, AUTO_INCREMENT=17;
COMMIT;

/*!40101 SET CHARACTER_SET_CLIENT=@OLD_CHARACTER_SET_CLIENT */;
/*!40101 SET CHARACTER_SET_RESULTS=@OLD_CHARACTER_SET_RESULTS */;
/*!40101 SET COLLATION_CONNECTION=@OLD_COLLATION_CONNECTION */;
